Bedroom,Area,Bathroom,seller_type_AGENT,seller_type_BUILDER,seller_type_OWNER,layout_type_BHK,layout_type_RK,property_type_Apartment,property_type_Independent_Floor,property_type_Independent_House,property_type_Penthouse,property_type_Studio_Apartment,property_type_Villa,furnish_type_Furnished,furnish_type_Semi_Furnished,furnish_type_Unfurnished,city_Ahmedabad,city_Bangalore,city_Chennai,city_Delhi,city_Hyderabad,city_Kolkata,city_Mumbai,city_Pune
3,2000.0,2,1,0,0,1,0,1,0,0,0,0,0,1,0,0,1,0,0,0,0,0,0,0
5,1500.0,5,1,0,0,1,0,1,0,0,0,0,0,1,0,0,1,0,0,0,0,0,0,0
3,2000.0,4,0,1,0,1,0,1,0,0,0,0,0,1,0,0,0,0,0,0,0,0,0,1
3,870.0,2,1,0,0,1,0,1,0,0,0,0,0,1,0,0,1,0,0,0,0,0,0,0
5,2000.0,4,1,0,0,1,0,1,0,0,0,0,0,1,0,0,1,0,0,0,0,0,0,0
5,2000.0,4,1,0,0,1,0,1,0,0,0,0,0,1,0,0,1,0,0,0,0,0,0,0
